#TeraSwitch Inc. (AS20326) Self-published IP Geolocation
#This file contains a self-published geofeed as defined in https://datatracker.ietf.org/doc/html/draft-google-self-published-geofeeds-02
#Last update: February 24, 2026
#Contact: noc@teraswitch.com
74.118.142.0/24,US,US-CA,Los Angeles,90012
204.16.241.0/24,US,US-PA,Pittsburgh,15212
204.16.242.0/24,US,US-PA,Pittsburgh,15212
204.16.243.0/24,US,US-PA,Pittsburgh,15212
204.16.244.0/24,US,US-PA,Pittsburgh,15212
204.16.245.0/24,US,US-PA,Pittsburgh,15212
205.196.166.0/23,US,US-PA,Pittsburgh,15212
2607:fdc0::/42,US,US-PA,Pittsburgh,15212
2607:fdc0:3c0::/42,US,US-VA,Ashburn,20147
2607:fdc0:700::/42,US,US-WA,Seattle,98121
2607:fdc0:740::/42,US,US-IL,Chicago,60616
5.175.169.0/24,DE,DE-HE,Frankfurt,60437
5.175.179.0/24,NL,NL-NH,Amsterdam,1012
31.58.56.0/24,NL,NL-NH,Amsterdam,1012
37.202.193.0/24,DE,DE-HE,Frankfurt,60437
45.39.250.0/24,SG,SG-01,Singapore,139963
45.45.156.0/24,US,US-UT,Bluffdale,84065
45.139.225.0/24,JP,JP-13,Tokyo,140-0002
45.148.116.0/24,DE,DE-HE,Frankfurt,60437
45.195.82.0/23,US,US-NJ,Newark,07102
45.195.90.0/24,US,US-NJ,Newark,07102
45.195.106.0/23,US,US-NJ,Newark,07102
45.196.193.0/24,US,US-NJ,Newark,07102
45.196.201.0/24,US,US-NJ,Newark,07102
45.198.87.0/24,DE,DE-HE,Frankfurt,60437
45.198.115.0/24,US,US-NJ,Newark,07102
45.198.117.0/24,DE,DE-HE,Frankfurt,60437
45.198.120.0/23,NL,NL-NH,Amsterdam,1012
45.198.158.0/24,GB,GB-LND,London,4LH
45.198.162.0/24,US,US-NJ,Newark,07102
45.198.252.0/23,US,US-NJ,Newark,07102
45.202.88.0/24,NL,NL-NH,Amsterdam,1012
45.202.89.0/24,NL,NL-NH,Amsterdam,1012
45.202.100.0/23,NL,NL-NH,Amsterdam,1012
45.202.105.0/24,NL,NL-NH,Amsterdam,1012
45.202.115.0/24,NL,NL-NH,Amsterdam,1012
45.202.118.0/24,NL,NL-NH,Amsterdam,1012
45.202.126.0/24,NL,NL-NH,Amsterdam,1012
45.206.10.0/23,GB,GB-LND,London,4LH
45.206.12.0/23,GB,GB-LND,London,4LH
45.206.20.0/22,GB,GB-LND,London,4LH
45.206.62.0/23,GB,GB-LND,London,4LH
45.207.0.0/23,US,US-NJ,Newark,07102
45.207.25.0/24,NL,NL-NH,Amsterdam,1012
45.207.28.0/24,NL,NL-NH,Amsterdam,1012
45.207.30.0/24,NL,NL-NH,Amsterdam,1012
45.207.44.0/24,NL,NL-NH,Amsterdam,1012
45.207.47.0/24,NL,NL-NH,Amsterdam,1012
45.207.56.0/24,NL,NL-NH,Amsterdam,1012
45.207.61.0/24,NL,NL-NH,Amsterdam,1012
45.207.164.0/23,US,US-NJ,Newark,07102
45.207.174.0/23,US,US-NJ,Newark,07102
45.249.89.0/24,JP,JP-13,Tokyo,140-0002
62.84.164.0/23,DE,DE-HE,Frankfurt,60437
63.254.161.0/24,NL,NL-NH,Amsterdam,1012
63.254.162.0/23,JP,JP-13,Tokyo,140-0002
63.254.165.0/24,JP,JP-13,Tokyo,135-0061
63.254.166.0/23,NL,NL-NH,Amsterdam,1012
63.254.168.0/23,GB,GB-LND,London,4LH
63.254.170.0/24,US,US-IL,Chicago,60616
63.254.172.0/22,US,US-NJ,Newark,07102
64.130.32.0/24,DE,DE-HE,Frankfurt,60437
64.130.33.0/24,US,US-UT,Bluffdale,84065
64.130.34.0/23,US,US-NJ,Newark,07102
64.130.36.0/23,US,US-NJ,Newark,07102
64.130.40.0/23,DE,DE-HE,Frankfurt,60437
64.130.42.0/23,NL,NL-NH,Amsterdam,1012
64.130.44.0/24,JP,JP-13,Tokyo,140-0002
64.130.45.0/24,US,US-NJ,Newark,07102
64.130.46.0/24,GB,GB-LND,London,4LH
64.130.47.0/24,DE,DE-HE,Frankfurt,60437
64.130.48.0/24,US,US-NJ,Newark,07102
64.130.49.0/24,JP,JP-13,Tokyo,140-0002
64.130.50.0/24,DE,DE-HE,Frankfurt,60437
64.130.51.0/24,US,US-NJ,Newark,07102
64.130.52.0/24,NL,NL-NH,Amsterdam,1012
64.130.53.0/24,US,US-UT,Bluffdale,84065
64.130.54.0/24,US,US-PA,Pittsburgh,15212
64.130.55.0/24,NL,NL-NH,Amsterdam,1012
64.130.56.0/24,US,US-PA,Pittsburgh,15212
64.130.57.0/24,DE,DE-HE,Frankfurt,60437
64.130.58.0/24,US,US-CA,Los Angeles,90012
64.130.59.0/24,US,US-NJ,Newark,07102
64.130.61.0/24,IE,IE-D,Dublin,D12
64.130.62.0/24,NL,NL-NH,Amsterdam,1012
64.130.63.0/24,GB,GB-LND,London,4LH
64.239.32.0/24,NL,NL-NH,Amsterdam,1012
64.239.33.0/24,NL,NL-NH,Amsterdam,1012
64.239.35.0/24,DE,DE-HE,Frankfurt,60437
64.239.116.0/24,GB,GB-LND,London,4LH
64.239.117.0/24,US,US-NJ,Newark,07102
64.239.118.0/24,NL,NL-NH,Amsterdam,1012
65.181.188.0/22,US,US-PA,Pittsburgh,15212
66.39.0.0/17,US,US-PA,Pittsburgh,15212
66.39.128.0/19,US,US-PA,Pittsburgh,15212
67.209.52.0/24,GB,GB-LND,London,4LH
67.209.54.0/24,SG,SG-01,Singapore,139963
67.209.55.0/24,SG,SG-01,Singapore,139963
72.244.154.0/24,US,US-UT,Bluffdale,84065
74.118.136.0/24,NL,NL-NH,Amsterdam,1012
74.118.137.0/24,US,US-PA,Pittsburgh,15212
74.118.138.0/24,US,US-PA,Pittsburgh,15212
74.118.139.0/24,NL,NL-NH,Amsterdam,1012
74.118.140.0/24,NL,NL-NH,Amsterdam,1012
74.118.141.0/24,US,US-PA,Pittsburgh,15212
74.118.143.0/24,NL,NL-NH,Amsterdam,1012
82.21.43.0/24,NL,NL-NH,Amsterdam,1012
82.21.125.0/24,DE,DE-HE,Frankfurt,60437
82.22.124.0/23,NL,NL-NH,Amsterdam,1012
82.22.160.0/24,DE,DE-HE,Frankfurt,60437
82.25.13.0/24,NL,NL-NH,Amsterdam,1012
82.26.96.0/24,US,US-UT,Bluffdale,84065
82.26.97.0/24,JP,JP-13,Tokyo,140-0002
82.26.98.0/24,DE,DE-HE,Frankfurt,60437
82.26.99.0/24,US,US-NJ,Newark,07102
82.38.144.0/21,DE,DE-HE,Frankfurt,60437
82.39.135.0/24,US,US-NJ,Newark,07102
82.39.136.0/24,GB,GB-LND,London,4LH
82.39.232.0/23,DE,DE-HE,Frankfurt,60437
82.40.61.0/24,IE,IE-D,Dublin,D12
82.139.237.0/24,NL,NL-NH,Amsterdam,1012
82.163.96.0/21,US,US-UT,Bluffdale,84065
83.147.232.0/22,DE,DE-HE,Frankfurt,60437
89.106.8.0/23,GB,GB-LND,London,4LH
89.106.10.0/23,DE,DE-HE,Frankfurt,60437
95.214.176.0/24,US,US-NJ,Newark,07102
103.110.64.0/24,NL,NL-NH,Amsterdam,1012
104.164.42.0/24,US,US-NJ,Newark,07102
109.111.56.0/22,IE,IE-D,Dublin,D12
141.11.119.0/24,SG,SG-01,Singapore,139963
141.98.216.0/24,US,US-NJ,Newark,07102
141.98.217.0/24,IE,IE-D,Dublin,D12
141.98.218.0/24,US,US-TX,Dallas,75207
141.98.219.0/24,US,US-PA,Pittsburgh,15212
142.214.136.0/22,IE,IE-D,Dublin,D12
142.214.152.0/22,NL,NL-NH,Amsterdam,1012
142.248.64.0/24,DE,DE-HE,Frankfurt,60437
143.20.108.0/22,NL,NL-NH,Amsterdam,1012
143.20.238.0/24,JP,JP-13,Tokyo,140-0002
143.20.240.0/22,NL,NL-NH,Amsterdam,1012
144.31.157.0/24,DE,DE-HE,Frankfurt,60437
144.31.158.0/24,DE,DE-HE,Frankfurt,60437
145.79.176.0/21,US,US-NJ,Newark,07102
151.241.65.0/24,GB,GB-LND,London,4LH
151.241.178.0/24,DE,DE-HE,Frankfurt,60437
151.241.208.0/22,DE,DE-HE,Frankfurt,60437
151.243.21.0/24,NL,NL-NH,Amsterdam,1012
151.243.114.0/23,DE,DE-HE,Frankfurt,60437
151.243.244.0/24,US,US-NJ,Newark,07102
151.245.8.0/21,US,US-NJ,Newark,07102
151.245.168.0/21,US,US-NJ,Newark,07102
151.247.132.0/24,SG,SG-01,Singapore,139963
151.247.228.0/22,DE,DE-HE,Frankfurt,60437
154.6.156.0/22,US,US-PA,Pittsburgh,15212
154.6.180.0/22,US,US-PA,Pittsburgh,15212
154.82.16.0/24,US,US-NJ,Newark,07102
154.82.19.0/24,NL,NL-NH,Amsterdam,1012
154.82.193.0/24,GB,GB-LND,London,4LH
154.82.195.0/24,GB,GB-LND,London,4LH
154.83.129.0/24,NL,NL-NH,Amsterdam,1012
154.83.130.0/24,NL,NL-NH,Amsterdam,1012
154.83.132.0/24,NL,NL-NH,Amsterdam,1012
154.83.133.0/24,NL,NL-NH,Amsterdam,1012
154.83.134.0/24,NL,NL-NH,Amsterdam,1012
154.83.138.0/23,NL,NL-NH,Amsterdam,1012
154.83.148.0/24,NL,NL-NH,Amsterdam,1012
154.83.149.0/24,NL,NL-NH,Amsterdam,1012
154.83.152.0/22,NL,NL-NH,Amsterdam,1012
154.83.184.0/23,NL,NL-NH,Amsterdam,1012
154.84.168.0/21,US,US-NJ,Newark,07102
154.84.176.0/21,DE,DE-HE,Frankfurt,60437
154.84.188.0/23,NL,NL-NH,Amsterdam,1012
154.85.28.0/22,NL,NL-NH,Amsterdam,1012
154.85.123.0/24,NL,NL-NH,Amsterdam,1012
154.94.2.0/23,US,US-NJ,Newark,07102
154.94.33.0/24,NL,NL-NH,Amsterdam,1012
154.94.38.0/24,NL,NL-NH,Amsterdam,1012
154.94.41.0/24,NL,NL-NH,Amsterdam,1012
154.94.46.0/24,NL,NL-NH,Amsterdam,1012
154.94.50.0/24,US,US-NJ,Newark,07102
154.94.60.0/24,US,US-NJ,Newark,07102
154.193.128.0/24,DE,DE-HE,Frankfurt,60437
154.193.130.0/24,DE,DE-HE,Frankfurt,60437
154.193.131.0/24,DE,DE-HE,Frankfurt,60437
154.193.132.0/24,DE,DE-HE,Frankfurt,60437
154.193.134.0/23,DE,DE-HE,Frankfurt,60437
154.193.156.0/23,DE,DE-HE,Frankfurt,60437
154.193.160.0/24,DE,DE-HE,Frankfurt,60437
154.193.161.0/24,DE,DE-HE,Frankfurt,60437
154.193.163.0/24,DE,DE-HE,Frankfurt,60437
154.193.164.0/22,DE,DE-HE,Frankfurt,60437
154.193.188.0/22,NL,NL-NH,Amsterdam,1012
154.194.32.0/24,US,US-NJ,Newark,07102
154.194.192.0/23,US,US-NJ,Newark,07102
154.194.206.0/24,US,US-NJ,Newark,07102
154.194.234.0/23,US,US-NJ,Newark,07102
154.197.45.0/24,JP,JP-13,Tokyo,140-0002
154.197.62.0/24,NL,NL-NH,Amsterdam,1012
154.198.12.0/24,US,US-NJ,Newark,07102
154.198.165.0/24,US,US-NJ,Newark,07102
154.198.166.0/23,US,US-NJ,Newark,07102
154.198.176.0/21,IE,IE-D,Dublin,D12
154.202.4.0/24,US,US-NJ,Newark,07102
154.202.75.0/24,US,US-NJ,Newark,07102
154.202.160.0/19,DE,DE-HE,Frankfurt,60437
154.222.32.0/22,NL,NL-NH,Amsterdam,1012
154.222.68.0/22,DE,DE-HE,Frankfurt,60437
154.222.112.0/22,DE,DE-HE,Frankfurt,60437
154.222.118.0/23,DE,DE-HE,Frankfurt,60437
154.222.120.0/21,DE,DE-HE,Frankfurt,60437
154.222.152.0/21,NL,NL-NH,Amsterdam,1012
155.117.158.0/23,IE,IE-D,Dublin,D12
155.117.178.0/23,IE,IE-D,Dublin,D12
156.229.26.0/24,US,US-NJ,Newark,07102
156.229.48.0/24,US,US-NJ,Newark,07102
156.229.60.0/24,US,US-NJ,Newark,07102
156.229.228.0/23,US,US-NJ,Newark,07102
156.229.230.0/23,US,US-NJ,Newark,07102
156.229.232.0/22,US,US-NJ,Newark,07102
156.229.248.0/22,US,US-NJ,Newark,07102
156.229.252.0/23,US,US-NJ,Newark,07102
156.233.10.0/23,US,US-NJ,Newark,07102
156.233.54.0/24,US,US-NJ,Newark,07102
156.233.69.0/24,US,US-NJ,Newark,07102
156.233.70.0/24,US,US-NJ,Newark,07102
156.233.88.0/21,IE,IE-D,Dublin,D12
156.233.102.0/24,US,US-NJ,Newark,07102
156.243.146.0/23,US,US-NJ,Newark,07102
156.243.148.0/23,US,US-NJ,Newark,07102
156.246.30.0/24,DE,DE-HE,Frankfurt,60437
166.88.237.0/24,DE,DE-HE,Frankfurt,60437
167.148.80.0/21,US,US-NJ,Newark,07102
167.148.198.0/24,DE,DE-HE,Frankfurt,60437
167.148.204.0/24,US,US-UT,Bluffdale,84065
167.148.207.0/24,US,US-NJ,Newark,07102
167.148.210.0/24,JP,JP-13,Tokyo,140-0002
168.222.32.0/20,DE,DE-HE,Frankfurt,60437
168.222.80.0/20,NL,NL-NH,Amsterdam,1012
168.222.116.0/22,DE,DE-HE,Frankfurt,60437
169.40.80.0/20,NL,NL-NH,Amsterdam,1012
169.40.208.0/20,DE,DE-HE,Frankfurt,60437
169.40.224.0/20,NL,NL-NH,Amsterdam,1012
178.95.32.0/20,NL,NL-NH,Amsterdam,1012
193.109.196.0/24,DE,DE-HE,Frankfurt,60437
194.31.140.0/24,NL,NL-NH,Amsterdam,1012
194.231.128.0/22,IE,IE-D,Dublin,D12
198.13.129.0/24,US,US-CA,Los Angeles,90012
198.13.130.0/23,SG,SG-01,Singapore,139963
198.13.132.0/24,US,US-UT,Bluffdale,84065
198.13.133.0/24,JP,JP-13,Tokyo,140-0002
198.13.134.0/23,NL,NL-NH,Amsterdam,1012
198.13.136.0/24,US,US-NJ,Newark,07102
198.13.137.0/24,DE,DE-HE,Frankfurt,60437
198.13.138.0/23,DE,DE-HE,Frankfurt,60437
198.13.140.0/23,DE,DE-HE,Frankfurt,60437
198.13.142.0/24,IE,IE-D,Dublin,D12
198.13.143.0/24,US,US-WA,Seattle,98121
202.8.8.0/24,NL,NL-NH,Amsterdam,1012
202.8.9.0/24,JP,JP-13,Tokyo,140-0002
202.8.10.0/24,IE,IE-D,Dublin,D12
202.8.11.0/24,SG,SG-01,Singapore,139963
204.16.240.0/24,US,US-PA,Pittsburgh,15212
204.16.246.0/24,US,US-PA,Pittsburgh,15212
204.16.247.0/24,US,US-PA,Pittsburgh,15212
205.186.88.0/22,DE,DE-HE,Frankfurt,60437
207.90.224.0/24,JP,JP-13,Tokyo,140-0002
207.90.225.0/24,NL,NL-NH,Amsterdam,1012
207.90.226.0/24,DE,DE-HE,Frankfurt,60437
207.90.227.0/24,US,US-NJ,Newark,07102
208.91.104.0/24,CA,CA-BC,Vancouver,V5M-2H1
208.91.105.0/24,US,US-VA,Ashburn,20147
208.91.106.0/24,DE,DE-HE,Frankfurt,60437
208.91.107.0/24,JP,JP-13,Tokyo,140-0002
208.91.109.0/24,JP,JP-13,Tokyo,140-0002
208.91.110.0/24,US,US-NJ,Newark,07102
208.91.111.0/24,US,US-PA,Pittsburgh,15212
208.91.111.0/25,US,US-PA,Pittsburgh,15212
209.68.0.0/18,US,US-PA,Pittsburgh,15212
209.68.44.0/22,US,US-PA,Pittsburgh,15212
209.236.200.0/22,DE,DE-HE,Frankfurt,60437
212.134.180.0/22,DE,DE-HE,Frankfurt,60437
212.134.184.0/22,DE,DE-HE,Frankfurt,60437
212.134.192.0/22,DE,DE-HE,Frankfurt,60437
212.134.200.0/22,DE,DE-HE,Frankfurt,60437
216.25.64.0/24,US,US-NJ,Newark,07102
216.25.65.0/24,US,US-UT,Bluffdale,84065
216.25.66.0/24,GB,GB-LND,London,4LH
216.92.0.0/16,US,US-PA,Pittsburgh,15212
216.170.96.0/22,NL,NL-NH,Amsterdam,1012
217.216.224.0/20,NL,NL-NH,Amsterdam,1012
217.216.240.0/20,DE,DE-HE,Frankfurt,60437
217.217.40.0/21,US,US-NJ,Newark,07102
217.217.80.0/20,NL,NL-NH,Amsterdam,1012
217.217.96.0/21,US,US-NJ,Newark,07102
217.217.104.0/21,US,US-NJ,Newark,07102
217.217.224.0/21,NL,NL-NH,Amsterdam,1012
217.217.232.0/21,DE,DE-HE,Frankfurt,60437
2607:f440::/32,US,US-PA,Pittsburgh,15212
2607:fdc0:40::/42,US,US-CA,Los Angeles,90012
2607:fdc0:80::/42,NL,NL-NH,Amsterdam,1012
2607:fdc0:100::/42,SG,SG-01,Singapore,139963
2607:fdc0:140::/42,HK,,Hong Kong,
2607:fdc0:180::/42,KR,KR-11,Seoul,
2607:fdc0:1c0::/42,GB,GB-LND,London,4LH
2607:fdc0:200::/42,IE,IE-D,Dublin,D12
2607:fdc0:280::/42,US,US-NJ,Newark,07102
2607:fdc0:2c0::/42,US,US-TX,Dallas,75207
2607:fdc0:300::/42,JP,JP-13,Tokyo,140-0002
2607:fdc0:340::/42,CA,CA-BC,Vancouver,V5M-2H1
2607:fdc0:400::/42,DE,DE-HE,Frankfurt,60437
2607:fdc0:440::/42,US,US-PA,Pittsburgh,15212
2607:fdc0:480::/42,US,US-PA,Pittsburgh,15212
2607:fdc0:4c0::/42,US,US-VA,Ashburn,20147
2607:fdc0:500::/42,DE,DE-HE,Frankfurt,60437
2607:fdc0:540::/42,US,US-NJ,Newark,07102
2607:fdc0:580::/42,US,US-UT,Bluffdale,84065
2607:fdc0:5c0::/42,NL,NL-NH,Amsterdam,1012
2607:fdc0:780::/42,JP,JP-13,Tokyo,140-0002
2607:fdc0:7c0::/42,NL,NL-NH,Amsterdam,1012
2607:fdc0:800::/42,NL,NL-NH,Amsterdam,1012
2607:fdc0:840::/42,IE,IE-D,Dublin,D12
2607:fdc0:880::/42,DE,DE-HE,Frankfurt,60437
2607:fdc0:8c0::/42,SG,SG-01,Singapore,139963
2607:fdc0:900::/42,JP,JP-13,Tokyo,135-0061
2a04:ff00:840::/44,JP,JP-13,Tokyo,140-0002
2a04:ff00:860::/44,NL,NL-NH,Amsterdam,1012
